id,title,link,genre
3tgZ6lSa0yE,Pokemon Logic (Pokemon Parody Animation),https://www.youtube.com/watch?v=3tgZ6lSa0yE,0
Dq8j0PShAJc,Angry Mickey Mouse PRANK CALL,https://www.youtube.com/watch?v=Dq8j0PShAJc,0
Hvcx1wd9S8g,Naruto F Word,https://www.youtube.com/watch?v=Hvcx1wd9S8g,0
JkIKl9XTF1A,Vegeta's Swearing Uncensored - TeamFourStar (TFS),https://www.youtube.com/watch?v=JkIKl9XTF1A,0
L0JnM4MvhVc,Goofy No Smoking,https://www.youtube.com/watch?v=L0JnM4MvhVc,0
RnrI78pdPo8,Family Guy - Tough Meg,https://www.youtube.com/watch?v=RnrI78pdPo8,0
SG3Q24NLCWs,Horrid Henry Part 3 Dubbed/Voiceover,https://www.youtube.com/watch?v=SG3Q24NLCWs,0
Tp8VW7FTvYw,ash says bad words,https://www.youtube.com/watch?v=Tp8VW7FTvYw,0
U3YVFa_rLmU,Ash finds a Pinsir (Pokemon parody),https://www.youtube.com/watch?v=U3YVFa_rLmU,0
V3I0OQN-HlM,Deadpool's Biggest Fan,https://www.youtube.com/watch?v=V3I0OQN-HlM,0
aWT12InZLsQ,Dora saying bad words ( funny ),https://www.youtube.com/watch?v=aWT12InZLsQ,0
hfdghQMSA84,9 Dirty Jokes in Spider-Man Cartoons That You Missed! | RUINED,https://www.youtube.com/watch?v=hfdghQMSA84,0
mWSuzIyxi6s,Black Lagoon Scene -War Zone 2,https://www.youtube.com/watch?v=mWSuzIyxi6s,0
rHG-JO8gIGk,Awesome Series - PokeAwesome - Just a Pokemon Battle,https://www.youtube.com/watch?v=rHG-JO8gIGk,0
rHG-JO8gIGk,Awesome Series - PokeAwesome - Just a Pokemon Battle,https://www.youtube.com/watch?v=rHG-JO8gIGk,0
rHG-JO8gIGk,Awesome Series - PokeAwesome - Just a Pokemon Battle,https://www.youtube.com/watch?v=rHG-JO8gIGk,0
rHG-JO8gIGk,Awesome Series - PokeAwesome - Just a Pokemon Battle,https://www.youtube.com/watch?v=rHG-JO8gIGk,0
wXulmTgKrAY,Anime Profanity,https://www.youtube.com/watch?v=wXulmTgKrAY,0
xV3BKxguUoA,TDI - Lindsay's Epic Cursing (HQ),https://www.youtube.com/watch?v=xV3BKxguUoA,0
xosW4WEE1Xo,Spongebob Edited - Suds (Reupload),https://www.youtube.com/watch?v=xosW4WEE1Xo,0
-h5WrWncDZw,100 ACCURATE LIFE HACKS,https://www.youtube.com/watch?v=-h5WrWncDZw,1
34Na4j8AVgA,The Weeknd - Starboy (official) ft. Daft Punk,https://www.youtube.com/watch?v=34Na4j8AVgA,1
Gc71AmT_b2k,Bazzi - Mine (Official Video),https://www.youtube.com/watch?v=Gc71AmT_b2k,1
LH4Y1ZUUx2g,"Ariana Grande - break up with your girlfriend, i'm bored",https://www.youtube.com/watch?v=LH4Y1ZUUx2g,1
MuRRGnS32Jk,Accident Fight between Hindi and Bengali in Qatar,https://www.youtube.com/watch?v=MuRRGnS32Jk,1
QYh6mYIJG2Y,Ariana Grande - 7 rings,https://www.youtube.com/watch?v=QYh6mYIJG2Y,1
XatXy6ZhKZw,Maroon 5 - Cold ft. Future,https://www.youtube.com/watch?v=XatXy6ZhKZw,1
ZAfAud_M_mg,Halsey - Without Me,https://www.youtube.com/watch?v=ZAfAud_M_mg,1
b03pPe2XrY0,Best Song Ever Created [Maximbady - Hey baby],https://www.youtube.com/watch?v=b03pPe2XrY0,1
foE1mO2yM04,Mike Posner - I Took A Pill In Ibiza (Seeb Remix) (Explicit),https://www.youtube.com/watch?v=foE1mO2yM04,1
ukznXQ3MgN0,You  bloody  fuck  you  bastard  bitch,https://www.youtube.com/watch?v=ukznXQ3MgN0,1
iE8LPiFzuuo,The Most Dangerous Game! (3 Year Edition),https://www.youtube.com/watch?v=iE8LPiFzuuo,2
2BfRSpkq9lI,Family Guy - Peter And Meg Get Drunk Together,https://www.youtube.com/watch?v=2BfRSpkq9lI,3
G-Wn48geCJ8,Racist Mario,https://www.youtube.com/watch?v=G-Wn48geCJ8,3
avmG0UKSUNw,Nobita doremon bad words dubing__,https://www.youtube.com/watch?v=avmG0UKSUNw,3
i-v-OtlDdio,PEPPA THE ISIS PIG.(ALLAH AKHBAR),https://www.youtube.com/watch?v=i-v-OtlDdio,3
jg9cz11SJlU,ABC Happy Time (for adults only),https://www.youtube.com/watch?v=jg9cz11SJlU,3
vNxMR2wq3uE,Family Guy - Meg Starts Drinking,https://www.youtube.com/watch?v=vNxMR2wq3uE,3
2oSGqlMe2yA,This Game Is Terrible!!!,https://www.youtube.com/watch?v=2oSGqlMe2yA,4
4Ma3wcaYV8k,LUIGI'S DAY OUT,https://www.youtube.com/watch?v=4Ma3wcaYV8k,4
Dz2gHtdRE3M,PUBG: Salty Deaths Ep. 6,https://www.youtube.com/watch?v=Dz2gHtdRE3M,4
FWlWZEoYGB4,Clash of Clans | RAGE QUIT | Attack Fail..,https://www.youtube.com/watch?v=FWlWZEoYGB4,4
FfQlCBXiK-s,Conker's Bad Fur Day (N64) Uncensored Cutscenes!!!!!!! (Part 1),https://www.youtube.com/watch?v=FfQlCBXiK-s,4
HnusSE2tyKo,No More Heroes: Bad Girl Boss Fight (Dolphin 4K 60fps),https://www.youtube.com/watch?v=HnusSE2tyKo,4
JsTxr9vb2UY,PUBG: Salty Deaths Ep. 5,https://www.youtube.com/watch?v=JsTxr9vb2UY,4
NZ83rfAqWMw,Vice City,https://www.youtube.com/watch?v=NZ83rfAqWMw,4
XaX1JPd8lN4,PUBG: Salty Deaths Ep. 1,https://www.youtube.com/watch?v=XaX1JPd8lN4,4
bL3luB_nTPQ,MOST RACIST GAMES EVER!,https://www.youtube.com/watch?v=bL3luB_nTPQ,4
f9ZpIaYqrOs,PUBG: Salty Deaths Ep. 2,https://www.youtube.com/watch?v=f9ZpIaYqrOs,4
irHjw4H3OvI,MENTAL AVALANCHE,https://www.youtube.com/watch?v=irHjw4H3OvI,4
j8vdqJnCq8I,Funny Voice Chat Moments - PUBG,https://www.youtube.com/watch?v=j8vdqJnCq8I,4
loxyCaQWPLk,PUBG: Salty Deaths Ep. 4,https://www.youtube.com/watch?v=loxyCaQWPLk,4
nF-rEPvqHLw,PUBG: Salty Deaths Ep. 3,https://www.youtube.com/watch?v=nF-rEPvqHLw,4
ojuO-JKvXIo,Top 10 Video Games With Excessive Swearing (EXPLICIT),https://www.youtube.com/watch?v=ojuO-JKvXIo,4
rXmE1MgAXzU,KSI Plays | A RACIST COMPUTER PROGRAM,https://www.youtube.com/watch?v=rXmE1MgAXzU,4
vKfZMVSkjBo,Conker's Bad Fur Day - Funny Cutscenes (Rare Replay),https://www.youtube.com/watch?v=vKfZMVSkjBo,4
wCVuPrirLW4,GIRLS SHOULD NOT PLAY THIS,https://www.youtube.com/watch?v=wCVuPrirLW4,4
xteS4pMTFqE,No More Heroes - Best Line in the Game.,https://www.youtube.com/watch?v=xteS4pMTFqE,4
3w-C0-zVaW8,iLOVEFRiDAY - Mia Khalifa (TIK TOK & ROBLOX ANTHEM) [HIT OR MISS],https://www.youtube.com/watch?v=3w-C0-zVaW8,5
6Dh-RL__uN4,bitch lasagna,https://www.youtube.com/watch?v=6Dh-RL__uN4,5
Khf4D_WgJ1o,REACTING TO THE WEIRDEST VIDEOS WITH KSI (CLEAN),https://www.youtube.com/watch?v=Khf4D_WgJ1o,5
s0RAJWd8T3s,"REACTING TO ""SEXUAL HARASSMENT""",https://www.youtube.com/watch?v=s0RAJWd8T3s,5
xsPwQVnlDg0,I'm On A Horse,https://www.youtube.com/watch?v=xsPwQVnlDg0,5
-g7yAXPuu6A,We smash another record!,https://www.youtube.com/watch?v=-g7yAXPuu6A,6
KCQxd_m2Rhk,Why you coming Fast?,https://www.youtube.com/watch?v=KCQxd_m2Rhk,6
l_lblj8Cq0o,"G-Eazy - No Limit (Remix) ft. A$AP Rocky, Cardi B, French Montana, Juicy J, Belly",https://www.youtube.com/watch?v=l_lblj8Cq0o,6
